<?xml version="1.0" encoding="utf-8"?>
<!--/290276/968851/2.49/3/4/Switch/-->
<quadcept_library>
  <setting unit="mil" />
  <textstyle name="Default" height="47.244094488189" strokewidth="7.8740157480315" charwidth="47.244094488189" />
  <textstyle name="Dimension" height="19.6850393700787" strokewidth="0" charwidth="19.6850393700787" />
  <textstyle name="H127W0635TH00762" height="50" strokewidth="3" charwidth="25" />
  <textstyle name="H15W15TH02" height="59.0551181102362" strokewidth="7.8740157480315" charwidth="59.0551181102362" />
  <padstyle name="c130_h80" surface="False" plated="True" isvia="False" nopaste="True" nomask="True" complex="False" holesize="31.496062992126">
    <padshape layer="TOP" shape="round" width="51.181102362204" height="51.181102362204" />
    <padshape layer="TOP_SOLDER_MASK" shape="round" width="59.055118110235" height="59.055118110235" />
    <padshape layer="INNER" shape="round" width="51.181102362204" height="51.181102362204" />
    <padshape layer="BOTTOM" shape="round" width="51.181102362204" height="51.181102362204" />
    <padshape layer="BOTTOM_SOLDER_MASK" shape="round" width="59.055118110235" height="59.055118110235" />
  </padstyle>
  <padstyle name="c225_h150" surface="False" plated="True" isvia="False" nopaste="True" nomask="True" complex="False" holesize="59.055118110235">
    <padshape layer="TOP" shape="round" width="88.582677165353" height="88.582677165353" />
    <padshape layer="TOP_SOLDER_MASK" shape="round" width="96.456692913385" height="96.456692913385" />
    <padshape layer="INNER" shape="round" width="88.582677165353" height="88.582677165353" />
    <padshape layer="BOTTOM" shape="round" width="88.582677165353" height="88.582677165353" />
    <padshape layer="BOTTOM_SOLDER_MASK" shape="round" width="96.456692913385" height="96.456692913385" />
  </padstyle>
  <footprint name="OS102011MA1QN1" originx="0" originy="0" pickpointx="0" pickpointy="0">
    <pcbpin number="1" name="1" style="c130_h80" originx="-78.740157480314" originy="0" rotation="90" />
    <pcbpin number="2" name="2" style="c130_h80" originx="0" originy="0" rotation="90" />
    <pcbpin number="3" name="3" style="c130_h80" originx="78.740157480314" originy="0" rotation="90" />
    <pcbpin number="4" name="4" style="c225_h150" originx="-161.41732283464" originy="0" rotation="90" />
    <pcbpin number="5" name="5" style="c225_h150" originx="161.41732283464" originy="0" rotation="90" />
    <line layer="TOP_ASSEMBLY" originx="-169.29133858268" originy="86.614173228345" endx="169.29133858268" endy="86.614173228345" width="7.8740157480314" />
    <line layer="TOP_ASSEMBLY" originx="169.29133858268" originy="86.614173228345" endx="169.29133858268" endy="-86.614173228345" width="7.8740157480314" />
    <line layer="TOP_ASSEMBLY" originx="169.29133858268" originy="-86.614173228345" endx="-169.29133858268" endy="-86.614173228345" width="7.8740157480314" />
    <line layer="TOP_ASSEMBLY" originx="-169.29133858268" originy="-86.614173228345" endx="-169.29133858268" endy="86.614173228345" width="7.8740157480314" />
    <line layer="TOP_SILKSCREEN" originx="-169.29133858268" originy="86.614173228345" endx="169.29133858268" endy="86.614173228345" width="7.8740157480314" />
    <line layer="TOP_SILKSCREEN" originx="-169.29133858268" originy="-86.614173228345" endx="169.29133858268" endy="-86.614173228345" width="7.8740157480314" />
    <arc layer="TOP_SILKSCREEN" originx="-101.69291338583" originy="109.48818897638" startangle="180" sweepangle="180" radius="3.9086614173228" width="7.8740157480314" />
    <arc layer="TOP_SILKSCREEN" originx="-101.69291338583" originy="109.48818897638" startangle="180" sweepangle="-180" radius="3.9086614173228" width="7.8740157480314" />
  </footprint>
  <symbol name="OS102011MA1QN1" originx="0" originy="0">
    <line originx="-100" originy="600" endx="300" endy="600" width="0" />
    <line originx="300" originy="200" endx="300" endy="600" width="0" />
    <line originx="300" originy="200" endx="-100" endy="200" width="0" />
    <line originx="-100" originy="600" endx="-100" endy="200" width="0" />
    <sympin number="1" originx="0" originy="200" rotation="270" length="100" width="7.8740157480315" flipped="False">
      <text name="pinname" originx="0" originy="230" style="Default" rotation="0" justify="left" flipped="False" hidden="False" data="1" />
      <text name="pindes" originx="-20" originy="140" style="Default" rotation="0" justify="lowerright" flipped="False" hidden="False" data="1" />
    </sympin>
    <sympin number="2" originx="100" originy="200" rotation="270" length="100" width="7.8740157480315" flipped="False">
      <text name="pinname" originx="100" originy="230" style="Default" rotation="0" justify="left" flipped="False" hidden="False" data="2" />
      <text name="pindes" originx="80" originy="140" style="Default" rotation="0" justify="lowerright" flipped="False" hidden="False" data="2" />
    </sympin>
    <sympin number="3" originx="200" originy="200" rotation="270" length="100" width="7.8740157480315" flipped="False">
      <text name="pinname" originx="200" originy="230" style="Default" rotation="0" justify="left" flipped="False" hidden="False" data="3" />
      <text name="pindes" originx="180" originy="140" style="Default" rotation="0" justify="lowerright" flipped="False" hidden="False" data="3" />
    </sympin>
  </symbol>
  <component name="OS102011MA1QN1" designatorprefix="S" height="0" footprint="OS102011MA1QN1">
    <comppin designator="1" sympin="1" pinswap="0" gateswap="0" gate="1" group="1" side="" type="Any" name="1" />
    <comppin designator="2" sympin="2" pinswap="0" gateswap="0" gate="1" group="1" side="" type="Any" name="2" />
    <comppin designator="3" sympin="3" pinswap="0" gateswap="0" gate="1" group="1" side="" type="Any" name="3" />
    <attached_symbol gate="1" name="OS102011MA1QN1" />
    <pinmap designator="1" footprintpin="1" />
    <pinmap designator="2" footprintpin="2" />
    <pinmap designator="3" footprintpin="3" />
    <text name="Datasheet" originx="0" originy="0" style="Default" rotation="0" justify="" flipped="False" hidden="True" data="http://www.ckswitches.com/media/1428/os.pdf" />
    <text name="Description" originx="0" originy="0" style="Default" rotation="0" justify="" flipped="False" hidden="True" data="Switch Slide Right Angle SPDT 0.1A 12VDC Through Hole Slide Switch SPDT On-On 0.1 A@ 12 V dc Slide" />
    <text name="Mouser Part Number" originx="0" originy="0" style="Default" rotation="0" justify="" flipped="False" hidden="True" data="611-OS102011MA1QN1" />
    <text name="Mouser Price/Stock" originx="0" originy="0" style="Default" rotation="0" justify="" flipped="False" hidden="True" data="https://www.mouser.co.uk/ProductDetail/CK/OS102011MA1QN1?qs=WtljUlYws5R6MUgHcLkz4w%3D%3D" />
    <text name="Manufacturer_Name" originx="0" originy="0" style="Default" rotation="0" justify="" flipped="False" hidden="True" data="C & K COMPONENTS" />
    <text name="Manufacturer_Part_Number" originx="350" originy="700" style="Default" rotation="0" justify="left" flipped="False" hidden="False" data="OS102011MA1QN1" />
  </component>
</quadcept_library>
