<?xml version="1.0" encoding="utf-8"?>
<!--/166512/968851/2.49/3/4/Variable Resistor/-->
<quadcept_library>
  <setting unit="mil" />
  <textstyle name="Default" height="47.244094488189" strokewidth="7.8740157480315" charwidth="47.244094488189" />
  <textstyle name="Dimension" height="19.6850393700787" strokewidth="0" charwidth="19.6850393700787" />
  <textstyle name="H127W0635TH00762" height="50" strokewidth="3" charwidth="25" />
  <textstyle name="H15W15TH02" height="59.0551181102362" strokewidth="7.8740157480315" charwidth="59.0551181102362" />
  <padstyle name="c112_h69" surface="False" plated="True" isvia="False" nopaste="True" nomask="True" complex="False" holesize="27.165354330708">
    <padshape layer="TOP" shape="round" width="44.094488188976" height="44.094488188976" />
    <padshape layer="TOP_SOLDER_MASK" shape="round" width="51.968503937007" height="51.968503937007" />
    <padshape layer="INNER" shape="round" width="44.094488188976" height="44.094488188976" />
    <padshape layer="BOTTOM" shape="round" width="44.094488188976" height="44.094488188976" />
    <padshape layer="BOTTOM_SOLDER_MASK" shape="round" width="51.968503937007" height="51.968503937007" />
  </padstyle>
  <footprint name="3362P_1" originx="0" originy="0" pickpointx="0" pickpointy="0">
    <pcbpin number="1" name="1" style="c112_h69" originx="-99.999999999999" originy="138.97637795275" rotation="90" />
    <pcbpin number="2" name="2" style="c112_h69" originx="0" originy="238.97637795275" rotation="90" />
    <pcbpin number="3" name="3" style="c112_h69" originx="99.999999999999" originy="138.97637795275" rotation="90" />
    <line layer="TOP_ASSEMBLY" originx="-129.92125984252" originy="275.1968503937" endx="129.92125984252" endy="275.1968503937" width="7.8740157480314" />
    <line layer="TOP_ASSEMBLY" originx="129.92125984252" originy="275.1968503937" endx="129.92125984252" endy="0" width="7.8740157480314" />
    <line layer="TOP_ASSEMBLY" originx="129.92125984252" originy="0" endx="-129.92125984252" endy="0" width="7.8740157480314" />
    <line layer="TOP_ASSEMBLY" originx="-129.92125984252" originy="0" endx="-129.92125984252" endy="275.1968503937" width="7.8740157480314" />
    <line layer="TOP_SILKSCREEN" originx="-129.92125984252" originy="275.1968503937" endx="-129.92125984252" endy="0" width="7.8740157480314" />
    <line layer="TOP_SILKSCREEN" originx="-129.92125984252" originy="0" endx="129.92125984252" endy="0" width="7.8740157480314" />
    <line layer="TOP_SILKSCREEN" originx="129.92125984252" originy="0" endx="129.92125984252" endy="275.1968503937" width="7.8740157480314" />
    <line layer="TOP_SILKSCREEN" originx="129.92125984252" originy="275.1968503937" endx="-129.92125984252" endy="275.1968503937" width="7.8740157480314" />
    <arc layer="TOP_SILKSCREEN" originx="-146.53543307086" originy="139.05511811023" startangle="180" sweepangle="180" radius="2.2440944881889" width="7.8740157480314" />
    <arc layer="TOP_SILKSCREEN" originx="-146.53543307086" originy="139.05511811023" startangle="180" sweepangle="-180" radius="2.2440944881889" width="7.8740157480314" />
  </footprint>
  <symbol name="3362P-1-103LF" originx="0" originy="0">
    <line originx="200" originy="100" endx="900" endy="100" width="0" />
    <line originx="900" originy="-200" endx="900" endy="100" width="0" />
    <line originx="900" originy="-200" endx="200" endy="-200" width="0" />
    <line originx="200" originy="100" endx="200" endy="-200" width="0" />
    <sympin number="1" originx="200" originy="0" rotation="180" length="100" width="7.8740157480315" flipped="False">
      <text name="pinname" originx="230" originy="0" style="Default" rotation="0" justify="left" flipped="False" hidden="False" data="CCW" />
      <text name="pindes" originx="140" originy="20" style="Default" rotation="0" justify="lowerright" flipped="False" hidden="False" data="1" />
    </sympin>
    <sympin number="2" originx="900" originy="0" rotation="0" length="100" width="7.8740157480315" flipped="False">
      <text name="pinname" originx="870" originy="0" style="Default" rotation="0" justify="right" flipped="False" hidden="False" data="WIPER" />
      <text name="pindes" originx="960" originy="20" style="Default" rotation="0" justify="lowerleft" flipped="False" hidden="False" data="2" />
    </sympin>
    <sympin number="3" originx="200" originy="-100" rotation="180" length="100" width="7.8740157480315" flipped="False">
      <text name="pinname" originx="230" originy="-100" style="Default" rotation="0" justify="left" flipped="False" hidden="False" data="CW" />
      <text name="pindes" originx="140" originy="-80" style="Default" rotation="0" justify="lowerright" flipped="False" hidden="False" data="3" />
    </sympin>
  </symbol>
  <component name="3362P-1-103LF" designatorprefix="VR" height="0" footprint="3362P_1">
    <comppin designator="1" sympin="1" pinswap="0" gateswap="0" gate="1" group="1" side="" type="Any" name="CCW" />
    <comppin designator="2" sympin="2" pinswap="0" gateswap="0" gate="1" group="1" side="" type="Any" name="WIPER" />
    <comppin designator="3" sympin="3" pinswap="0" gateswap="0" gate="1" group="1" side="" type="Any" name="CW" />
    <attached_symbol gate="1" name="3362P-1-103LF" />
    <pinmap designator="1" footprintpin="1" />
    <pinmap designator="2" footprintpin="2" />
    <pinmap designator="3" footprintpin="3" />
    <text name="Datasheet" originx="0" originy="0" style="Default" rotation="0" justify="" flipped="False" hidden="True" data="https://datasheet.datasheetarchive.com/originals/distributors/SFDatasheet-6/sf-000139931.pdf" />
    <text name="Description" originx="0" originy="0" style="Default" rotation="0" justify="" flipped="False" hidden="True" data="10k, Through Hole Trimmer Potentiometer 0.5W Top Adjust Bourns, 3362" />
    <text name="Mouser Part Number" originx="0" originy="0" style="Default" rotation="0" justify="" flipped="False" hidden="True" data="652-3362P-1-103LF" />
    <text name="Mouser Price/Stock" originx="0" originy="0" style="Default" rotation="0" justify="" flipped="False" hidden="True" data="https://www.mouser.co.uk/ProductDetail/Bourns/3362P-1-103LF?qs=tS7CBNq%252BQ07BavGNEQud%252BA%3D%3D" />
    <text name="Manufacturer_Name" originx="0" originy="0" style="Default" rotation="0" justify="" flipped="False" hidden="True" data="Bourns" />
    <text name="Manufacturer_Part_Number" originx="950" originy="200" style="Default" rotation="0" justify="left" flipped="False" hidden="False" data="3362P-1-103LF" />
  </component>
</quadcept_library>
